Model,R_squared
GradientBoosting,0.9997952822653878
RandomForest,0.9992151035280905
Ridge,0.5045784080254531
Lasso,0.4933463080310701
LinearRegression,0.4927986848666439
